<powerpagecomponent powerpagecomponentid="199eed67-f1a9-4a71-a2bd-0d1cbc096c97">
  <content>{"disablepagevalidation":false,"displayimageonly":false,"displayorder":3,"displaypagechildlinks":false,"openinnewwindow":false,"pageid":"8be32ae3-f59e-4cca-989e-ad35948697f6","publishingstateid":"6cd430fd-fd41-49d3-bcc5-40f14af17a21","robotsfollowlink":true,"weblinksetid":"03f32b16-6667-4c16-bad5-17233d3d0375"}</content>
  <iscustomizable>1</iscustomizable>
  <name>Contact us</name>
  <powerpagecomponenttype>5</powerpagecomponenttype>
  <powerpagesiteid>
    <powerpagesiteid>f7cc992e-760c-42b8-b7c2-1d1f9a5d4837</powerpagesiteid>
  </powerpagesiteid>
  <statecode>0</statecode>
  <statuscode>1</statuscode>
</powerpagecomponent>