<powerpagecomponent powerpagecomponentid="33a32155-66a3-f011-bbd2-6045bd576604">
  <content>{
  "permissions": "746610000,746610001",
  "columnname": "address1_fax",
  "columnpermissionprofileid": "bbbdae2d-66a3-f011-bbd2-6045bd576604"
}</content>
  <iscustomizable>1</iscustomizable>
  <name>Profile address1_fax</name>
  <powerpagecomponenttype>29</powerpagecomponenttype>
  <powerpagesiteid>
    <powerpagesiteid>f7cc992e-760c-42b8-b7c2-1d1f9a5d4837</powerpagesiteid>
  </powerpagesiteid>
  <statecode>0</statecode>
  <statuscode>1</statuscode>
</powerpagecomponent>