<powerpagecomponent powerpagecomponentid="377d198f-e942-4529-8076-a9272c5d76c9">
  <content>{"adx_entitypermission_webrole":["f781c90d-9823-4c05-892c-b92f2cb487e5","7affd612-9cc6-43f7-8cf9-fb02fdd6cac3","db3b8c95-65a7-4a67-b066-f07537d20b4d"],"append":false,"appendto":false,"create":true,"delete":false,"entitylogicalname":"feedback","entityname":"Feedback","read":false,"scope":756150000,"write":false}</content>
  <iscustomizable>1</iscustomizable>
  <name>Feedback</name>
  <powerpagecomponenttype>18</powerpagecomponenttype>
  <powerpagesiteid>
    <powerpagesiteid>f7cc992e-760c-42b8-b7c2-1d1f9a5d4837</powerpagesiteid>
  </powerpagesiteid>
  <statecode>0</statecode>
  <statuscode>1</statuscode>
</powerpagecomponent>