<powerpagecomponent powerpagecomponentid="5b16a592-d6cc-47ce-9055-f33683908fb4">
  <content>{"display_name":"EntityList/View Not Available Message","type":756150001,"value":"&lt;div class=\"alert alert-block alert-warning\"&gt;&lt;p&gt;&lt;span class=\"fa fa-exclamation-triangle\" aria-hidden=\"true\"&gt;&lt;/span&gt;The view is not available.&lt;/p&gt;&lt;/div&gt;"}</content>
  <iscustomizable>1</iscustomizable>
  <name>EntityList/ViewNotAvailableMessage</name>
  <powerpagecomponenttype>7</powerpagecomponenttype>
  <powerpagesiteid>
    <powerpagesiteid>f7cc992e-760c-42b8-b7c2-1d1f9a5d4837</powerpagesiteid>
  </powerpagesiteid>
  <powerpagesitelanguageid>
    <powerpagesitelanguageid>f65e805f-0430-4547-b60e-1a6140dec6db</powerpagesitelanguageid>
  </powerpagesitelanguageid>
  <statecode>0</statecode>
  <statuscode>1</statuscode>
</powerpagecomponent>