<powerpagecomponent powerpagecomponentid="51075952-39af-4a23-827a-c497960e984b">
  <content>{"display_name":"Home/Title","type":756150000,"value":"Welcome to your website!"}</content>
  <iscustomizable>1</iscustomizable>
  <name>Home/Title</name>
  <powerpagecomponenttype>7</powerpagecomponenttype>
  <powerpagesiteid>
    <powerpagesiteid>f7cc992e-760c-42b8-b7c2-1d1f9a5d4837</powerpagesiteid>
  </powerpagesiteid>
  <powerpagesitelanguageid>
    <powerpagesitelanguageid>f65e805f-0430-4547-b60e-1a6140dec6db</powerpagesitelanguageid>
  </powerpagesitelanguageid>
  <statecode>0</statecode>
  <statuscode>1</statuscode>
</powerpagecomponent>