<powerpagecomponent powerpagecomponentid="fc477484-6a52-411c-8931-67707c53f5a3">
  <content>{"disablepagevalidation":false,"displayimageonly":false,"displayorder":1,"displaypagechildlinks":false,"openinnewwindow":false,"pageid":"93c7c8a4-24ba-4968-b701-cc218a3d5401","publishingstateid":"6cd430fd-fd41-49d3-bcc5-40f14af17a21","robotsfollowlink":true,"weblinksetid":"4528bf63-f731-4523-8ff8-66bfd53309f4"}</content>
  <iscustomizable>1</iscustomizable>
  <name>Profile</name>
  <powerpagecomponenttype>5</powerpagecomponenttype>
  <powerpagesiteid>
    <powerpagesiteid>f7cc992e-760c-42b8-b7c2-1d1f9a5d4837</powerpagesiteid>
  </powerpagesiteid>
  <statecode>0</statecode>
  <statuscode>1</statuscode>
</powerpagecomponent>