<powerpagecomponent powerpagecomponentid="1fd7c4c6-b626-4cf6-836d-6c9bbda832a8">
  <content>{"enablerating":false,"enabletracking":false,"excludefromsearch":true,"feedbackpolicy":756150000,"hiddenfromsitemap":true,"isroot":true,"pagetemplateid":"f164258a-715a-4a54-ab89-fca9516b31d1","parentpageid":"5b84d525-21f9-4322-a6ff-20515e6b6668","partialurl":"access-denied","publishingstateid":"6cd430fd-fd41-49d3-bcc5-40f14af17a21","sharedpageconfiguration":false}</content>
  <iscustomizable>1</iscustomizable>
  <name>Access Denied</name>
  <powerpagecomponenttype>2</powerpagecomponenttype>
  <powerpagesiteid>
    <powerpagesiteid>f7cc992e-760c-42b8-b7c2-1d1f9a5d4837</powerpagesiteid>
  </powerpagesiteid>
  <searchcontent>Access Denied</searchcontent>
  <statecode>0</statecode>
  <statuscode>1</statuscode>
</powerpagecomponent>