<powerpagecomponent powerpagecomponentid="c0d34584-abd9-45c1-9697-8b9ecfd60e0e">
  <content>{"disablepagevalidation":false,"displayimageonly":false,"displayorder":2,"displaypagechildlinks":false,"openinnewwindow":false,"parentweblinkid":"557f5f21-a6d9-449f-b91a-edd9968bb20c","publishingstateid":"6cd430fd-fd41-49d3-bcc5-40f14af17a21","robotsfollowlink":true,"weblinksetid":"9fac851a-fca4-4933-85af-d0a28b2d740c"}</content>
  <iscustomizable>1</iscustomizable>
  <name>Subpage 2</name>
  <powerpagecomponenttype>5</powerpagecomponenttype>
  <powerpagesiteid>
    <powerpagesiteid>f7cc992e-760c-42b8-b7c2-1d1f9a5d4837</powerpagesiteid>
  </powerpagesiteid>
  <statecode>0</statecode>
  <statuscode>1</statuscode>
</powerpagecomponent>