<powerpagecomponent powerpagecomponentid="19a3ed1e-05e0-4518-9fb1-8f5fd4a5bdc8">
  <content>{"appendquerystring":false,"associatecurrentportaluser":false,"attachfile":false,"attachfileallowmultiple":false,"attachfilerequired":false,"attachfilerestrictaccept":false,"autogeneratesteps":false,"captcharequired":false,"entityname":"feedback","entitypermissionsenabled":true,"forceallfieldsrequired":false,"formname":"simple contact us form","geolocation_displaymap":false,"geolocation_enabled":false,"geolocation_maptype":756150000,"hideformonsuccess":true,"mode":100000000,"onsuccess":756150000,"populatereferenceentitylookupfield":false,"portaluserlookupattributeisactivityparty":false,"recommendedfieldsrequired":false,"recordsourceallowcreateonnull":false,"redirecturlappendentityidquerystring":false,"referenceentityshowreadonlyform":false,"referencequerystringisprimarykey":true,"renderwebresourcesinline":false,"setentityreference":false,"showcaptchaforauthenticatedusers":false,"showownerfields":false,"showunsupportedfields":false,"tooltipenabled":false,"validationsummarylinksenabled":true}</content>
  <iscustomizable>1</iscustomizable>
  <name>simple contact us form</name>
  <powerpagecomponenttype>15</powerpagecomponenttype>
  <powerpagesiteid>
    <powerpagesiteid>f7cc992e-760c-42b8-b7c2-1d1f9a5d4837</powerpagesiteid>
  </powerpagesiteid>
  <statecode>0</statecode>
  <statuscode>1</statuscode>
</powerpagecomponent>