<powerpagesitelanguages>
  <powerpagesitelanguage powerpagesitelanguageid="f65e805f-0430-4547-b60e-1a6140dec6db">
    <content>{"publishingstate":"6cd430fd-fd41-49d3-bcc5-40f14af17a21","systemlanguage":1033}</content>
    <displayname>English</displayname>
    <iscustomizable>1</iscustomizable>
    <languagecode>en-US</languagecode>
    <lcid>1033</lcid>
    <name>English</name>
    <powerpagesiteid>
      <powerpagesiteid>f7cc992e-760c-42b8-b7c2-1d1f9a5d4837</powerpagesiteid>
    </powerpagesiteid>
    <statecode>0</statecode>
    <statuscode>1</statuscode>
  </powerpagesitelanguage>
</powerpagesitelanguages>