<powerpagecomponent powerpagecomponentid="87c3c3dd-6cc5-4937-97b3-9501aadf33a9">
  <content>{"contentdisposition":756150000,"enabletracking":false,"excludefromsearch":false,"hiddenfromsitemap":false,"parentpageid":"5b84d525-21f9-4322-a6ff-20515e6b6668","partialurl":"Cat-PC.png","publishingstateid":"6cd430fd-fd41-49d3-bcc5-40f14af17a21"}</content>
  <filecontent mimetype="application/octet-stream">Cat-PC.png</filecontent>
  <iscustomizable>1</iscustomizable>
  <name>Cat-PC.png</name>
  <powerpagecomponenttype>3</powerpagecomponenttype>
  <powerpagesiteid>
    <powerpagesiteid>f7cc992e-760c-42b8-b7c2-1d1f9a5d4837</powerpagesiteid>
  </powerpagesiteid>
  <statecode>0</statecode>
  <statuscode>1</statuscode>
</powerpagecomponent>