<powerpagecomponent powerpagecomponentid="99823592-a8d1-4130-8f1b-0fc985ec89a0">
  <content>{"display_name":"Page Children Heading","type":756150000,"value":"In This Section"}</content>
  <iscustomizable>1</iscustomizable>
  <name>Page Children Heading</name>
  <powerpagecomponenttype>7</powerpagecomponenttype>
  <powerpagesiteid>
    <powerpagesiteid>f7cc992e-760c-42b8-b7c2-1d1f9a5d4837</powerpagesiteid>
  </powerpagesiteid>
  <powerpagesitelanguageid>
    <powerpagesitelanguageid>f65e805f-0430-4547-b60e-1a6140dec6db</powerpagesitelanguageid>
  </powerpagesitelanguageid>
  <statecode>0</statecode>
  <statuscode>1</statuscode>
</powerpagecomponent>