<powerpagecomponent powerpagecomponentid="93c7c8a4-24ba-4968-b701-cc218a3d5401">
  <content>{"enablerating":false,"enabletracking":false,"excludefromsearch":false,"feedbackpolicy":756150000,"hiddenfromsitemap":true,"isroot":true,"pagetemplateid":"24029e48-8a07-4e90-805c-dc797929e9f6","parentpageid":"5b84d525-21f9-4322-a6ff-20515e6b6668","partialurl":"profile","publishingstateid":"6cd430fd-fd41-49d3-bcc5-40f14af17a21","sharedpageconfiguration":false,"title":"Profile"}</content>
  <iscustomizable>1</iscustomizable>
  <name>Profile</name>
  <powerpagecomponenttype>2</powerpagecomponenttype>
  <powerpagesiteid>
    <powerpagesiteid>f7cc992e-760c-42b8-b7c2-1d1f9a5d4837</powerpagesiteid>
  </powerpagesiteid>
  <searchcontent>ProfileProfile</searchcontent>
  <statecode>0</statecode>
  <statuscode>1</statuscode>
</powerpagecomponent>