<powerpagecomponent powerpagecomponentid="bba7bb6f-e26f-4298-add7-d538bf447b23">
  <content>{"display_name":"Footer","type":756150001,"value":"&lt;p class=\"smallText\"&gt;Copyright © &lt;/p&gt;\r\n&lt;p class=\"smallText\"&gt;{{ now | date: 'yyyy' }}&lt;/p&gt;\r\n&lt;p class=\"smallText\"&gt;. All rights reserved.&lt;/p&gt;"}</content>
  <iscustomizable>1</iscustomizable>
  <name>Footer</name>
  <powerpagecomponenttype>7</powerpagecomponenttype>
  <powerpagesiteid>
    <powerpagesiteid>f7cc992e-760c-42b8-b7c2-1d1f9a5d4837</powerpagesiteid>
  </powerpagesiteid>
  <powerpagesitelanguageid>
    <powerpagesitelanguageid>f65e805f-0430-4547-b60e-1a6140dec6db</powerpagesitelanguageid>
  </powerpagesitelanguageid>
  <statecode>0</statecode>
  <statuscode>1</statuscode>
</powerpagecomponent>