<powerpagecomponent powerpagecomponentid="a8c1a0be-009d-499a-8ff4-32c80f168305">
  <content>{"display_name":"Search/Facet/Sort Order/Relevance","type":756150000,"value":"Relevance"}</content>
  <iscustomizable>1</iscustomizable>
  <name>Search/Facet/SortOrder/Relevance</name>
  <powerpagecomponenttype>7</powerpagecomponenttype>
  <powerpagesiteid>
    <powerpagesiteid>f7cc992e-760c-42b8-b7c2-1d1f9a5d4837</powerpagesiteid>
  </powerpagesiteid>
  <powerpagesitelanguageid>
    <powerpagesitelanguageid>f65e805f-0430-4547-b60e-1a6140dec6db</powerpagesitelanguageid>
  </powerpagesitelanguageid>
  <statecode>0</statecode>
  <statuscode>1</statuscode>
</powerpagecomponent>