<powerpagecomponent powerpagecomponentid="b8255a93-44f6-48bf-89a6-5940797e1e4a">
  <content>{"enablerating":false,"enabletracking":false,"excludefromsearch":false,"feedbackpolicy":756150000,"hiddenfromsitemap":true,"isroot":true,"pagetemplateid":"74cfd804-6080-4a42-ac94-88398c013aca","parentpageid":"5b84d525-21f9-4322-a6ff-20515e6b6668","partialurl":"search","publishingstateid":"6cd430fd-fd41-49d3-bcc5-40f14af17a21","sharedpageconfiguration":false}</content>
  <iscustomizable>1</iscustomizable>
  <name>Search</name>
  <powerpagecomponenttype>2</powerpagecomponenttype>
  <powerpagesiteid>
    <powerpagesiteid>f7cc992e-760c-42b8-b7c2-1d1f9a5d4837</powerpagesiteid>
  </powerpagesiteid>
  <searchcontent>Search</searchcontent>
  <statecode>0</statecode>
  <statuscode>1</statuscode>
</powerpagecomponent>