<powerpagecomponent powerpagecomponentid="d14616dd-5402-4d1d-9ea2-aa45944ecdce">
  <content>{"display_name":"Header/Toggle Navigation","type":756150001,"value":"Toggle navigation"}</content>
  <iscustomizable>1</iscustomizable>
  <name>Header/Toggle Navigation</name>
  <powerpagecomponenttype>7</powerpagecomponenttype>
  <powerpagesiteid>
    <powerpagesiteid>f7cc992e-760c-42b8-b7c2-1d1f9a5d4837</powerpagesiteid>
  </powerpagesiteid>
  <powerpagesitelanguageid>
    <powerpagesitelanguageid>f65e805f-0430-4547-b60e-1a6140dec6db</powerpagesitelanguageid>
  </powerpagesitelanguageid>
  <statecode>0</statecode>
  <statuscode>1</statuscode>
</powerpagecomponent>