<powerpagecomponent powerpagecomponentid="040f9198-8138-49e5-937a-389c6f7f445e">
  <content>{"disablepagevalidation":false,"displayimageonly":false,"displayorder":4,"displaypagechildlinks":false,"openinnewwindow":false,"pageid":"8be32ae3-f59e-4cca-989e-ad35948697f6","publishingstateid":"6cd430fd-fd41-49d3-bcc5-40f14af17a21","robotsfollowlink":true,"weblinksetid":"9fac851a-fca4-4933-85af-d0a28b2d740c"}</content>
  <iscustomizable>1</iscustomizable>
  <name>Contact us</name>
  <powerpagecomponenttype>5</powerpagecomponenttype>
  <powerpagesiteid>
    <powerpagesiteid>f7cc992e-760c-42b8-b7c2-1d1f9a5d4837</powerpagesiteid>
  </powerpagesiteid>
  <statecode>0</statecode>
  <statuscode>1</statuscode>
</powerpagecomponent>