<powerpagecomponent powerpagecomponentid="9fac851a-fca4-4933-85af-d0a28b2d740c">
  <content>{"display_name":"Primary Navigation","publishingstateid":"6cd430fd-fd41-49d3-bcc5-40f14af17a21"}</content>
  <iscustomizable>1</iscustomizable>
  <name>Primary Navigation</name>
  <powerpagecomponenttype>4</powerpagecomponenttype>
  <powerpagesiteid>
    <powerpagesiteid>f7cc992e-760c-42b8-b7c2-1d1f9a5d4837</powerpagesiteid>
  </powerpagesiteid>
  <powerpagesitelanguageid>
    <powerpagesitelanguageid>f65e805f-0430-4547-b60e-1a6140dec6db</powerpagesitelanguageid>
  </powerpagesitelanguageid>
  <statecode>0</statecode>
  <statuscode>1</statuscode>
</powerpagecomponent>