<powerpagecomponent powerpagecomponentid="03f32b16-6667-4c16-bad5-17233d3d0375">
  <content>{"display_name":"Default","publishingstateid":"6cd430fd-fd41-49d3-bcc5-40f14af17a21"}</content>
  <iscustomizable>1</iscustomizable>
  <name>Default</name>
  <powerpagecomponenttype>4</powerpagecomponenttype>
  <powerpagesiteid>
    <powerpagesiteid>f7cc992e-760c-42b8-b7c2-1d1f9a5d4837</powerpagesiteid>
  </powerpagesiteid>
  <powerpagesitelanguageid>
    <powerpagesitelanguageid>f65e805f-0430-4547-b60e-1a6140dec6db</powerpagesitelanguageid>
  </powerpagesitelanguageid>
  <statecode>0</statecode>
  <statuscode>1</statuscode>
</powerpagecomponent>