<powerpagecomponent powerpagecomponentid="bbbdae2d-66a3-f011-bbd2-6045bd576604">
  <content>{
   "tablename": "account",
   "profilename": "Profile",
   "adx_columnpermissionprofile_webrole": [
      "ced3cadc-1bfb-41b6-b6d8-1c90e00b0393"
   ]
}</content>
  <iscustomizable>1</iscustomizable>
  <name>Profile</name>
  <powerpagecomponenttype>28</powerpagecomponenttype>
  <powerpagesiteid>
    <powerpagesiteid>f7cc992e-760c-42b8-b7c2-1d1f9a5d4837</powerpagesiteid>
  </powerpagesiteid>
  <statecode>0</statecode>
  <statuscode>1</statuscode>
</powerpagecomponent>