<powerpagecomponent powerpagecomponentid="99754941-2f07-498e-b708-6eee55a0124f">
  <content>{"display_name":"Search/Facet/Clear Constraints","type":756150000,"value":"Clear All"}</content>
  <iscustomizable>1</iscustomizable>
  <name>Search/Facet/ClearConstraints</name>
  <powerpagecomponenttype>7</powerpagecomponenttype>
  <powerpagesiteid>
    <powerpagesiteid>f7cc992e-760c-42b8-b7c2-1d1f9a5d4837</powerpagesiteid>
  </powerpagesiteid>
  <powerpagesitelanguageid>
    <powerpagesitelanguageid>f65e805f-0430-4547-b60e-1a6140dec6db</powerpagesitelanguageid>
  </powerpagesitelanguageid>
  <statecode>0</statecode>
  <statuscode>1</statuscode>
</powerpagecomponent>