<powerpagecomponent powerpagecomponentid="9c5329ab-3f12-410a-8636-f0b69bf074f0">
  <content>{"enablerating":false,"enabletracking":false,"excludefromsearch":false,"feedbackpolicy":756150000,"hiddenfromsitemap":false,"isroot":true,"pagetemplateid":"f164258a-715a-4a54-ab89-fca9516b31d1","parentpageid":"5b84d525-21f9-4322-a6ff-20515e6b6668","partialurl":"default-offline-page","publishingstateid":"6cd430fd-fd41-49d3-bcc5-40f14af17a21","sharedpageconfiguration":false,"title":"Default Offline Page"}</content>
  <iscustomizable>1</iscustomizable>
  <name>Default Offline Page</name>
  <powerpagecomponenttype>2</powerpagecomponenttype>
  <powerpagesiteid>
    <powerpagesiteid>f7cc992e-760c-42b8-b7c2-1d1f9a5d4837</powerpagesiteid>
  </powerpagesiteid>
  <searchcontent>Default Offline PageDefault Offline Page</searchcontent>
  <statecode>0</statecode>
  <statuscode>1</statuscode>
</powerpagecomponent>