<powerpagecomponent powerpagecomponentid="06724f51-5b6f-47ca-b834-2a40f7346547">
  <content>{"adx_webpageaccesscontrolrule_webrole":["7affd612-9cc6-43f7-8cf9-fb02fdd6cac3"],"right":1,"scope":1,"webpageid":"5b84d525-21f9-4322-a6ff-20515e6b6668"}</content>
  <iscustomizable>1</iscustomizable>
  <name>Grant Change to Administrators</name>
  <powerpagecomponenttype>10</powerpagecomponenttype>
  <powerpagesiteid>
    <powerpagesiteid>f7cc992e-760c-42b8-b7c2-1d1f9a5d4837</powerpagesiteid>
  </powerpagesiteid>
  <statecode>0</statecode>
  <statuscode>1</statuscode>
</powerpagecomponent>