<powerpagecomponent powerpagecomponentid="db01f96c-2103-43d7-b8ab-7ecf3bb2feed">
  <content>{"source":"&lt;div class=\"wrapper-body\"&gt;\r\n  &lt;section class=\"page_section section-landing\"&gt;\r\n    &lt;div class=\"container\"&gt;\r\n      &lt;div class=\"row \"&gt;\r\n        &lt;div class=\"col-lg-12\"&gt;\r\n          &lt;br&gt;\r\n          &lt;br&gt;\r\n          &lt;br&gt;\r\n          &lt;br&gt;\r\n          &lt;h1 class=\"section-landing-heading\"&gt;{% editable snippets 'Home/Title' type: 'text' %}&lt;/h1&gt;&lt;br&gt;\r\n          &lt;h2 class=\"section-landing-sub-heading\"&gt;{% editable page 'adx_summary' type: 'html', liquid: true %}&lt;/h2&gt;\r\n          &lt;br&gt;\r\n          &lt;br&gt;\r\n        &lt;/div&gt;\r\n      &lt;/div&gt;\r\n    &lt;/div&gt;\r\n  &lt;/section&gt;\r\n\r\n  &lt;section class=\"page_section\"&gt;\r\n    &lt;div class=\"layer_up\"&gt;&amp;nbsp;&lt;/div&gt;\r\n    &lt;div class=\"container\"&gt;\r\n      &lt;div class=\"content-home\"&gt;\r\n        {% include 'Page Copy' %}\r\n      &lt;/div&gt;\r\n    &lt;/div&gt;\r\n    &lt;div class=\"layer_down\"&gt;&amp;nbsp;&lt;/div&gt;\r\n  &lt;/section&gt;\r\n&lt;div class=\"push\"&gt;&lt;/div&gt;\r\n&lt;/div&gt;"}</content>
  <iscustomizable>1</iscustomizable>
  <name>Home</name>
  <powerpagecomponenttype>8</powerpagecomponenttype>
  <powerpagesiteid>
    <powerpagesiteid>f7cc992e-760c-42b8-b7c2-1d1f9a5d4837</powerpagesiteid>
  </powerpagesiteid>
  <statecode>0</statecode>
  <statuscode>1</statuscode>
</powerpagecomponent>